source_file,fuel_density,coolant_density,radius,particle_times
pu242source.py,19.3,0.45,0.1,"[1.63606217e-08 3.42639738e-08 6.37592397e-07 ... 3.05709637e-05
 3.70439705e-05 3.81227272e-05]"
pu242source.py,19.3,0.45,0.2,"[1.63606217e-08 6.85279476e-08 6.71856371e-07 ... 3.06247472e-05
 3.70977539e-05 3.81765107e-05]"
pu242source.py,19.3,0.45,0.3,"[1.63606217e-08 1.02791921e-07 7.06120345e-07 ... 3.06785306e-05
 3.71515374e-05 3.82302941e-05]"
pu242source.py,19.3,0.45,0.4,"[1.63606217e-08 1.19178465e-07 1.40618857e-07 ... 3.07323140e-05
 3.72053208e-05 3.82840775e-05]"
pu242source.py,19.3,0.45,0.5,"[1.63606217e-08 1.19178465e-07 1.79253695e-07 ... 3.07860975e-05
 3.72591043e-05 3.83378610e-05]"
pu242source.py,19.3,.45,0.6,"[1.63606217e-08 1.19178465e-07 2.16274049e-07 ... 3.08398809e-05
 3.73128877e-05 3.83916444e-05]"
